,name,title,url_link
0,sookoh 수코,"나혼자 강릉여행vlog🦑뭐얏 경포대 짱 좋잖앗! • 강릉중앙시장 와인바에서 한잔, 순두부 호로록 • 강릉커피투어 : 이진리, 애시당초, 갤러리밥스 | 9남매집, 동화가든",https://www.youtube.com//watch?v=Xby_djR_Osc&pp=ygUQ64KY7Zi87J6QIOyXrO2WiQ%3D%3D
1,해시킴 HESI KIM,🇯🇵 비행기 놓치고 시작하는 나혼자 후쿠오카여행 | 미나텐진 라라포트 ❤️‍🔥,https://www.youtube.com//watch?v=T9hXLhFegCc&pp=ygUQ64KY7Zi87J6QIOyXrO2WiQ%3D%3D
2,엠뚜루마뚜루 : MBC 공식 종합 채널,[#나혼자산다] 새해에는 몸 속 독소 제거하러 🌿디톡스 여행🌿을 떠나요~ ※먹는 것까지 디톡스라고는 안했음※ | #전현무 MBC2300203방송,https://www.youtube.com//watch?v=RXOS2rMsLDc&pp=ygUQ64KY7Zi87J6QIOyXrO2WiQ%3D%3D
3,이렇게 사는 강지수,대만여행 나혼자 타이베이 브이로그 4박 5일 총정리,https://www.youtube.com//watch?v=ErVXrLt40qE&pp=ygUQ64KY7Zi87J6QIOyXrO2WiQ%3D%3D
4,여행톡톡,나혼자 여행? l 혼자 여행하고 싶은 사람들을 위한 해외여행지 best5 (feat. 안전한 나라),https://www.youtube.com//watch?v=8Gn4e3bNQZ0&pp=ygUQ64KY7Zi87J6QIOyXrO2WiQ%3D%3D
5,sookoh 수코,"나혼자 대만여행vlog🇹🇼우육면, 훠궈, 야시장 털고 • 예스지 버스투어(존좋) | 로컬맛집, 숙소, eSIM, 구글맵 딱깔쎈 | 푸홍우육면, 라오허제야시장, 펑다커피 •타이베이1",https://www.youtube.com//watch?v=MCra_g6XVLE&pp=ygUQ64KY7Zi87J6QIOyXrO2WiQ%3D%3D
6,트립콤파니,나혼자여행을 제대로 즐길 수 있는 3가지 꿀팁이 여기 있습니다.,https://www.youtube.com//watch?v=P-TiJaS0D9w&pp=ygUQ64KY7Zi87J6QIOyXrO2WiQ%3D%3D
7,엠뚜루마뚜루 : MBC 공식 종합 채널,[#나혼자산다] 온 얼굴로 내뿜는 전날 밤의 알콜 흔적...🍷 화려한(?) 숙취가 게르를 감싸는 몽골여행 둘째 날 아침! | #전현무 #박나래 #몽골여행 MBC230519방송,https://www.youtube.com//watch?v=U9CJyLbmqCs&pp=ygUQ64KY7Zi87J6QIOyXrO2WiQ%3D%3D
8,보리코 Boriko,나혼자 강릉 여행🐚강릉 10번넘게 간 여자의 추천코스💖찐맛집.인생카페.뚜벅이 꿀팁.숙소추천.현대장칼국수.중앙시장.짬뽕순두부.소품샵,https://www.youtube.com//watch?v=AGVyPnUhkeM&pp=ygUQ64KY7Zi87J6QIOyXrO2WiQ%3D%3D
9,SongKerbell 송커벨,"나혼자 도쿄 3박4일 여행🗼| 찐맛집 공유 | 여행꿀팁가득! | 가성비,위치 갑 숙소추천 | 사진스팟, 혼술, 해리포터스튜디오",https://www.youtube.com//watch?v=VlTGe18CGlg&pp=ygUQ64KY7Zi87J6QIOyXrO2WiQ%3D%3D
10,하는사람 er,"vlog｜1박 2일 동안 17곳 돌아다니는  뚜벅이 군산여행｜맥주 마시며 시작하는 나혼자 군산 여행｜로컬맛집, 소품샵, 편집샵, 관광지 뿌셔뿌셔｜여행 하는사람er",https://www.youtube.com//watch?v=y405g300lzU&pp=ygUQ64KY7Zi87J6QIOyXrO2WiQ%3D%3D
11,꼬끼리 KKOKKIRI,"나혼자 대만 여행🇹🇼 버블티 먹으러 간 타이베이,숙소 추천,곱창국수,카리도넛,무지개도로",https://www.youtube.com//watch?v=0TNCUPIvM3M&pp=ygUQ64KY7Zi87J6QIOyXrO2WiQ%3D%3D
12,sookoh 수코,"나혼자 2박3일 부산 여행vlog✌️부산시 LA구에서 돼지국밥으로 시작 • 광안리뿌셔 | 노포빙수, 돼지국밥, 바다수영, 에스프레소바, 해수염커피, 국제시장 득템, 흰여울마을짱",https://www.youtube.com//watch?v=r-1zYY5uu8g&pp=ygUQ64KY7Zi87J6QIOyXrO2WiQ%3D%3D
13,박소룡 Park So Ryong,"나혼자 1박2일 강릉 힐링 여행ㅣ순두부, 옹심이커피, 오징어순대, 바다열차, 시간박물관, 하슬라아트월드, 장칼국수",https://www.youtube.com//watch?v=LzEzoHnEax0&pp=ygUQ64KY7Zi87J6QIOyXrO2WiQ%3D%3D
14,지혜사랑JIHYESARANG,1박2일 혼자 여행 브이로그~! 처음으로 혼자 떠난 뚜벅이 나혼자 여행  | 지혜사랑,https://www.youtube.com//watch?v=xvxzhlQ5oE0&pp=ygUQ64KY7Zi87J6QIOyXrO2WiQ%3D%3D
15,엠뚜루마뚜루 : MBC 공식 종합 채널,[#나혼자산다] 우리 여행 가자! VR로😎 VR고글 쓰고 방구석에서 난리 법석 피우는 기안 & 장우🤣 | #김대호 #기안84 #이장우 MBC240202방송,https://www.youtube.com//watch?v=9qnmUcXHOkY&pp=ygUQ64KY7Zi87J6QIOyXrO2WiQ%3D%3D
16,sookoh 수코,"나혼자 교토 여행vlog📍버스패스로 교토 필수코스 • 퍼주는 노부부의 이자까야 | 교토감성 현지마을 여행 | 청수사, 아라시야마, 철학의길, 야사카신사 | 오사카교토(2)",https://www.youtube.com//watch?v=da3LqrxnSSc&pp=ygUQ64KY7Zi87J6QIOyXrO2WiQ%3D%3D
17,N번째날,혼자 노는게 제일 재밌는 50대 주부 나혼자 여행(+불편한 마음을 덧붙인),https://www.youtube.com//watch?v=iu1zG29-m88&pp=ygUQ64KY7Zi87J6QIOyXrO2WiQ%3D%3D
18,면스데이 Noodle's day,vlog | 나혼자 고성 여행 🫧| 첫 혼자 혼술여행 | 고성 미친 바다뷰숙소🌊,https://www.youtube.com//watch?v=xQTAwr66Hgc&pp=ygUQ64KY7Zi87J6QIOyXrO2WiQ%3D%3D
19,엠뚜루마뚜루 : MBC 공식 종합 채널,[#나혼자산다] 나혼산 10주년 몽골 여행 가는 날✈️ 코쿤과 키를 압도한 나래의 GDst 공항 패션😎 | #전현무 #박나래 #키 #코드쿤스트 #몽골 MBC230512방송,https://www.youtube.com//watch?v=26dxO7NUfLw&pp=ygUQ64KY7Zi87J6QIOyXrO2WiQ%3D%3D
20,조은fine,"SUB)🗼나혼자 2박 3일 도쿄여행 | 몬자야키, 토리카츠치킨 시부야, 히나토마루스시, 후글렌, 캡슐호텔 추천, 아사쿠사, 센소지, 소금빵, 편의점, 이치란라멘, 도쿄타워",https://www.youtube.com//watch?v=XslxJ0jvi-A&pp=ygUQ64KY7Zi87J6QIOyXrO2WiQ%3D%3D
21,엠뚜루마뚜루 : MBC 공식 종합 채널,[#나혼자산다] 애장품 교환식에서 나온 리미티드 에디션✨ 무지개 몽골 여행의 하이라이트 캠프파이어🔥 | #전현무 #박나래 #키 #몽골 MBC230519방송,https://www.youtube.com//watch?v=QPCPRHxrUo0&pp=ygUQ64KY7Zi87J6QIOyXrO2WiQ%3D%3D
22,보리코 Boriko,나혼자 대만 타이베이여행🇹🇼 숨겨진핫플💟현지인맛집. 융캉제. 딘타이펑. 카페추천. 용허또우장. 훠궈. 망고빙수. 카리도넛. 시먼딩. 누가크래커. Taiwan,https://www.youtube.com//watch?v=MUjT8GbQIR0&pp=ygUQ64KY7Zi87J6QIOyXrO2WiQ%3D%3D
23,인영 forever young,"나 혼자 교토 여행 🍜 저녁 도착이지만 난 2끼를 조진다🔥 위치가성비갑 숙소, 소우소우, 장어덮밥, 이치란라멘, 티웨이 구독 멤버십 내돈내산 후기 | 오사카교토 EP.1",https://www.youtube.com//watch?v=O-xPgvZNNjw&pp=ygUQ64KY7Zi87J6QIOyXrO2WiQ%3D%3D
24,수쩡민,고2 자퇴생 혼자 오사카 3박4일 여행 ep.1,https://www.youtube.com//watch?v=vR1fauTlRXc&pp=ygUQ64KY7Zi87J6QIOyXrO2WiQ%3D%3D
25,엠뚜루마뚜루 : MBC 공식 종합 채널,[나 혼자 산다] 3년 만에 대구 왔다아이가🚄 키범이의 겨울방학생활 chapter 1. 본가에서 힐링하기✨ | #키 #샤이니 #엠뚜루마뚜루 MBC211203방송,https://www.youtube.com//watch?v=vfBX1AHvbc8&pp=ygUQ64KY7Zi87J6QIOyXrO2WiQ%3D%3D
26,엠뚜루마뚜루 : MBC 공식 종합 채널,[#나혼자산다] 🤖: 이제 이동하겠습니다. 미친 효율성의 A.I 가이드 주승과 아직도 소녀같은 엄마즈의 군산 여행🌺 | #이주승 #군산여행 MBC230217방송,https://www.youtube.com//watch?v=4pbPP5Ikm4Y&pp=ygUQ64KY7Zi87J6QIOyXrO2WiQ%3D%3D
27,나혼자산다 STUDIO,"[나 혼자 산다 선공개] 호장마차에서 만난 신세계? 격렬한 가상 여행으로 땀 범벅 된 이장우💦 ＂네가 행복하면 됐다＂, MBC 240202 방송",https://www.youtube.com//watch?v=8VzVnkHklyE&pp=ygUQ64KY7Zi87J6QIOyXrO2WiQ%3D%3D
28,하는사람 er,"나혼자 여수 여행｜느리지만 완벽하게 힐링되는 여수 4박 5일｜이별과 함께 여행 하는사람 ｜미평산림욕장, 검은모래해변, 케이블카, 돌산야경까지｜혼자여행 하는사람er",https://www.youtube.com//watch?v=owGITXzjYbo&pp=ygUQ64KY7Zi87J6QIOyXrO2WiQ%3D%3D
29,천천히 세계여행 앤젤리나_Angelina_lee,일본 혼자 여행 중 소름 끼쳤던 날 🇯🇵일본(39),https://www.youtube.com//watch?v=G0RqzwKTZMs&pp=ygUQ64KY7Zi87J6QIOyXrO2WiQ%3D%3D
30,Daily Joy조이,"[vlog] 나 혼자 대만여행🇹🇼 ‘찐맛집’투어! 다 맛있네..| 여행꿀팁 가득📝 | 3박4일 코스(시먼딩 숙소, 융캉제, 로컬 카페, 키키레스토랑, 딘타이펑, 카리도넛••)",https://www.youtube.com//watch?v=tYn94vG0Ygc&pp=ygUQ64KY7Zi87J6QIOyXrO2WiQ%3D%3D
31,Daily Joy조이,"[vlog] 나 혼자 부산여행🌊 ㄹㅇ ‘찐맛집’ 투어 | 2박3일 뚜벅이 코스 | 광안리 오션뷰 숙소 | 해리단길, 전포카페거리, 빵지순례, 혼술, 스카이캡슐",https://www.youtube.com//watch?v=bu13Jx-DMFU&pp=ygUQ64KY7Zi87J6QIOyXrO2WiQ%3D%3D
32,Daily Joy조이,"[vlog] 나 혼자 겨울 삿포로여행❄️ 나만 알고싶은 로컬맛집과 카페 | 여행꿀팁 몽땅 알려드릴게🧚🏻 (삿포로 신축 호텔, 오타루 당일치기, 스프카레, 징기스칸)",https://www.youtube.com//watch?v=Mz_P8gt5xtM&pp=ygUQ64KY7Zi87J6QIOyXrO2WiQ%3D%3D
33,해봄 haebom,"[Vlog] #3 홍콩여행 브이로그🇭🇰 | 나 혼자 홍콩여행,제니쿠키 오픈런,침차이키,스푸파 싱흥유엔 토마토라면,동윤영,운남계림쌀국수,침사추이,k11뮤제아,심포니오브라이트",https://www.youtube.com//watch?v=2BCh3m7kwes&pp=ygUQ64KY7Zi87J6QIOyXrO2WiQ%3D%3D
34,박다솜사탕,[vlog]나 혼자🙋🏻‍♀️ 3박4일 제주 남쪽 뚜벅이 여행 : 혼고기에 매일 혼술까지..🤭 제주남쪽여행코스 이대로만 따라하세요(?),https://www.youtube.com//watch?v=imZmUsZi_Qw&pp=ygUQ64KY7Zi87J6QIOyXrO2WiQ%3D%3D
35,윤지 YOUNJI,"1박 2일 나 혼자 동해여행🌊 | 뚜벅이 코스 | 문어 비빔국수, 인생 짬뽕집, 추암해변, 동해 숙소, 무릉계곡, 디저트 맛집 카페 🧳",https://www.youtube.com//watch?v=Dadn8dg9Lp4&pp=ygUQ64KY7Zi87J6QIOyXrO2WiQ%3D%3D
36,나혼자산다 STUDIO,"[나 혼자 산다 선공개] 어머니를 위해 키가 준비한 승진 축하 겸 일본 효도 여행!🛫 ＂아 공기가 너무 좋다💕＂, MBC 221216 방송",https://www.youtube.com//watch?v=vfHq4VqotY4&pp=ygUQ64KY7Zi87J6QIOyXrO2WiQ%3D%3D
37,엠뚜루마뚜루 : MBC 공식 종합 채널,[#나혼자산다] 낯가리는 아빠와 달리 핵인싸 구리웨이 E구리와 I창섭의 우당탕탕 캠핑 여행🏕 | #이창섭 #구리 #캠핑 MBC230505방송,https://www.youtube.com//watch?v=VGFCZsUlniM&pp=ygUQ64KY7Zi87J6QIOyXrO2WiQ%3D%3D
38,엠뚜루마뚜루 : MBC 공식 종합 채널,[#나혼자산다] 대만 타이중에서의 첫 끼! 100년 넘은 고기 완자 가게에서 무려 11접시 클리어🥟🤤 | #전현무 #박나래 #이장우 #팜유 #대만 MBC231215방송,https://www.youtube.com//watch?v=8lU4xKTUlqU&pp=ygUQ64KY7Zi87J6QIOyXrO2WiQ%3D%3D
39,하는사람 er,"나혼자 마카오 여행｜1박 2일 동안 20곳!? 혼자 먹고 노는 마카오여행 🥴 구글맵 공유｜세계문화유산, 런더너, 야시장, 소피텔｜홍콩공항에서 버스타고 마카오로｜여행 하는사람er",https://www.youtube.com//watch?v=Aggljq8qe_Q&pp=ygUQ64KY7Zi87J6QIOyXrO2WiQ%3D%3D
40,엠뚜루마뚜루 : MBC 공식 종합 채널,[#나혼자산다] 예의를 중시하는 나라 몽골에서 🎀전설급 대우받는🎀 두 어르신의 게르 안 잠자리 위치는⁉️ | #전현무 #김광규 #몽골여행 MBC230512방송,https://www.youtube.com//watch?v=R5UWbzzodZw&pp=ygUQ64KY7Zi87J6QIOyXrO2WiQ%3D%3D
41,엠뚜루마뚜루 : MBC 공식 종합 채널,[#나혼자산다] 아침부터 19첩 반상에 소주까지?! 나래표 팜슐랭 가이드 in 목포 스타트😎 | #전현무 #박나래 #이장우 #팜유 MBC230623방송,https://www.youtube.com//watch?v=c63u3chZchI&pp=ygUQ64KY7Zi87J6QIOyXrO2WiQ%3D%3D
42,Jennish vlog,나혼자 여행 vlog | 대만여행 2 | 시먼딩 맛집 다 가봤다!! 배터질때 까지 도전!! | 온천박물관 | 망고빙수 | 곱창국수 | 닝샤 야시장 먹방 | 카이사르 파크 호텔 |,https://www.youtube.com//watch?v=GKaoMc7DEl8&pp=ygUQ64KY7Zi87J6QIOyXrO2WiQ%3D%3D
43,해오니Haeoni,"[Eng] 혼자 강릉여행 ep1 • 초보운전 첫 고속도로🚗 • 예쁜 복층 펜션 • 혼밥 혼술(해물라면, 물회, 메밀애감자, 레몬진, 별빛청하) 여행 VLOG",https://www.youtube.com//watch?v=NCdfbAzh2Wg&pp=ygUQ64KY7Zi87J6QIOyXrO2WiQ%3D%3D
44,엠뚜루마뚜루 : MBC 공식 종합 채널,[#나혼자산다] 새해에는 몸 속 독소 제거하러 🌿디톡스 여행🌿을 떠나요~ ※먹는 것까지 디톡스라고는 안했음※ | #전현무 MBC2300203방송,https://www.youtube.com//watch?v=RXOS2rMsLDc&pp=ygUQ64KY7Zi87J6QIOyXrO2WiQ%3D%3D
45,엠뚜루마뚜루 : MBC 공식 종합 채널,[#나혼자산다] 그동안 먹어왔던 쌀국수랑 맛이 전혀 달랏!🇻🇳 현무픽 TOP3 쌀국수 맛집에서 해장한 팜유들🤤 | #전현무 #박나래 #이장우 #달랏 MBC221230방송,https://www.youtube.com//watch?v=gs0oN6oZvsA&pp=ygUQ64KY7Zi87J6QIOyXrO2WiQ%3D%3D
46,sookoh 수코,나 혼자 행궁동 여행vlog💫방화수류정 대존예,https://www.youtube.com//watch?v=VwbWvB2fUM8&pp=ygUQ64KY7Zi87J6QIOyXrO2WiQ%3D%3D
47,수박봉봉,"나혼자 대만 여행🇹🇼인생 첫 혼여! 누가크래커 오픈런, 곱창국수, 키키레스토랑, 옌수지튀김, 신상호텔추천✨뷰최고[ep.1]",https://www.youtube.com//watch?v=ZKGzUskcDkg&pp=ygUQ64KY7Zi87J6QIOyXrO2WiQ%3D%3D
48,홍또여 Hongtto,아직 잘 안 알려진 여행지 나혼자 여행하기 | 쿠바4🇨🇺,https://www.youtube.com//watch?v=76JPQv6l9-A&pp=ygUQ64KY7Zi87J6QIOyXrO2WiQ%3D%3D
49,엠뚜루마뚜루 : MBC 공식 종합 채널,[#나혼자산다] 무무투어 몽골여행의 끝! 나혼산과 함께한 시간은 달라도 우리는 모두 같은 무지개 가좍🌈 | #전현무 #박나래 #몽골여행 MBC230526방송,https://www.youtube.com//watch?v=UVa9bK1wEyE&pp=ygUQ64KY7Zi87J6QIOyXrO2WiQ%3D%3D
50,엠뚜루마뚜루 : MBC 공식 종합 채널,"[#나혼자산다] 중요한 건 꺾이지 않는 팜유,,,! 팜유 대장 무무🚩가 이끄는 제1회 팜유 해외 세미나 in 베트남 | #전현무 #박나래 #이장우 #베트남 MBC221223",https://www.youtube.com//watch?v=RYaLM6dxz8M&pp=ygUQ64KY7Zi87J6QIOyXrO2WiQ%3D%3D
51,엠뚜루마뚜루 : MBC 공식 종합 채널,[#나혼자산다] 팜유에겐 최적의 연구지🤓 대만 최대 규모 펑지아 야시장🍢🍺 | #전현무 #박나래 #이장우 #팜유 #대만 MBC231222방송,https://www.youtube.com//watch?v=zohO1SYnxRk&pp=ygUQ64KY7Zi87J6QIOyXrO2WiQ%3D%3D
52,"떠나도나, 떠나고 싶은 Donna",나 혼자 부산 2박 3일 🌊 #부산여행,https://www.youtube.com//shorts/90LoYxRSSnI
53,엠뚜루마뚜루 : MBC 공식 종합 채널,[#나혼자산다] 자 일단 푸르공에 타서 양고기 버거부터 드실게요~🚩드디어 몽골에 첫 발을 내디딘 무지개 회원들🌈 | #전현무 #박나래 #몽골여행 MBC230512방송,https://www.youtube.com//watch?v=9VzE379sY7M&pp=ygUQ64KY7Zi87J6QIOyXrO2WiQ%3D%3D
54,엠뚜루마뚜루 : MBC 공식 종합 채널,[#나혼자산다] 음식 빼앗길까 봐 너도 나도 일어서서 먹는 무지개 맹수들의 럭셔리 호텔 음식 먹방🤤 | #전현무 #박나래 #이장우 #몽골 MBC230526방송,https://www.youtube.com//watch?v=XaFgdJz2T3w&pp=ygUQ64KY7Zi87J6QIOyXrO2WiQ%3D%3D
55,꾸나 Kkuna,"[VLOG] 3박 5일 나혼자 방콕 여행 브이로그 🇹🇭 EP.2 | 그만 먹는거? 어떻게 하는건데😋 | 나이쏘이 | 아리역, 레라오 | 차트리움 레지던스 | 숙소,맛집 추천🩵",https://www.youtube.com//watch?v=N0jQNlxSCUY&pp=ygUQ64KY7Zi87J6QIOyXrO2WiQ%3D%3D
56,엠뚜루마뚜루 : MBC 공식 종합 채널,[#나혼자산다] 소식좌 코쿤마저 폭풍 흡입🤤 비주얼 美친 몽골식 꼬치 쎠를럭 & 몽골식 튀김 만두 호쇼르에 단체로 홀릭😍 | #기안84 #이장우 #몽골 MBC230512방송,https://www.youtube.com//watch?v=SEvMzzBZzVw&pp=ygUQ64KY7Zi87J6QIOyXrO2WiQ%3D%3D
57,엠뚜루마뚜루 : MBC 공식 종합 채널,"[#나혼자산다] 목포 종합 수산시장, 소갈비 수육 무침, 콩물까지 정복했는데도 아직 🌞아점🌞인 건에 대하여. | #전현무 #박나래 #이장우 #팜유 MBC230623방송",https://www.youtube.com//watch?v=kXoJ1WQ3Zzw&pp=ygUQ64KY7Zi87J6QIOyXrO2WiQ%3D%3D
58,엠뚜루마뚜루 : MBC 공식 종합 채널,[#나혼자산다] 기안84 거울 치료해 주는 대호84의 매운 족발+라면+디저트 먹방부터 나 홀로 VR 세계 여행까지😎 | #김대호 #아나운서 MBC230421방송,https://www.youtube.com//watch?v=xdbktR-lxeo&pp=ygUQ64KY7Zi87J6QIOyXrO2WiQ%3D%3D
59,엠뚜루마뚜루 : MBC 공식 종합 채널,[#나혼자산다] ＂누구도 맛 보지 말아야 할 음식＂ 먹천재 팜유왕자 장우의 첫 조합 실패 (???: 왜 지금이어야 했어) | #팜유 #대만여행 #먹방 MBC231215방송,https://www.youtube.com//watch?v=Eg-n7T-ul7Q&pp=ygUQ64KY7Zi87J6QIOyXrO2WiQ%3D%3D
60,엠뚜루마뚜루 : MBC 공식 종합 채널,[#나혼자산다] 기안이 좋아... However! 가끔은 당황스럽기도 해... 진짜 내 마음은 뭘까?🤔 나혼산 기안84 레전드 모음집 | #기안84 MBC160624 등 방송,https://www.youtube.com//watch?v=Y_qcUpC4zp0&pp=ygUQ64KY7Zi87J6QIOyXrO2WiQ%3D%3D
61,엠뚜루마뚜루 : MBC 공식 종합 채널,[나 혼자 산다] 3년 만에 대구 왔다아이가🚄 키범이의 겨울방학생활 chapter 1. 본가에서 힐링하기✨ | #키 #샤이니 #엠뚜루마뚜루 MBC211203방송,https://www.youtube.com//watch?v=vfBX1AHvbc8&pp=ygUQ64KY7Zi87J6QIOyXrO2WiQ%3D%3D
62,엠뚜루마뚜루 : MBC 공식 종합 채널,[#나혼자산다] 쑤안 흐엉 호수에서 자전거 타다 장에서 신호 온 나래😰 화장실 찾아 불교 사원까지 들어간 ssul🥲 | #전현무 #박나래 #이장우 #달랏 MBC221230방송,https://www.youtube.com//watch?v=YS54h0TTEOQ&pp=ygUQ64KY7Zi87J6QIOyXrO2WiQ%3D%3D
63,엠뚜루마뚜루 : MBC 공식 종합 채널,[#나혼자산다] 고수와 술에 잔뜩 취해버린 대장 팜유 현무😵‍💫 (Feat. 장우의 미리 생일 축하 파티🎂) | #전현무 #박나래 #이장우 #달랏 MBC221230방송,https://www.youtube.com//watch?v=-V8X6hMF5sQ&pp=ygUQ64KY7Zi87J6QIOyXrO2WiQ%3D%3D
64,엠뚜루마뚜루 : MBC 공식 종합 채널,[#나혼자산다] MZ 핫플 어딜 놓쳐 절대 못 놓쳐~!😎 우도 슈퍼스타 광규의 MZ인 듯 MZ 아닌 우도 여행✈️ | #김광규 #우도 MBC230303방송,https://www.youtube.com//watch?v=MfllKsa49SE&pp=ygUQ64KY7Zi87J6QIOyXrO2WiQ%3D%3D
65,나혼자산다 STUDIO,[나혼산 다시보기] 이시언의 이별여행 첫 걸음! 제주도에서 돌고래를 만나다🐬시작부터 느낌이 좋은 걸(◡‿◡) (MBC 20201218 방송),https://www.youtube.com//watch?v=cKTMa-79m34&pp=ygUQ64KY7Zi87J6QIOyXrO2WiQ%3D%3D
66,박다솜사탕,[vlog]나 혼자🙋🏻‍♀️ 3박4일 제주 남쪽 뚜벅이 여행 : 혼고기에 매일 혼술까지..🤭 제주남쪽여행코스 이대로만 따라하세요(?),https://www.youtube.com//watch?v=imZmUsZi_Qw&pp=ygUQ64KY7Zi87J6QIOyXrO2WiQ%3D%3D
67,꼬끼리 KKOKKIRI,"나혼자 김해 1박2일 VLOG 코타츠에서 귤 까먹기,봉리단길 투어,숙소추천,노천탕,카페투어",https://www.youtube.com//watch?v=cu4VIBlHvwA&pp=ygUQ64KY7Zi87J6QIOyXrO2WiQ%3D%3D
68,방구석제이,BGS vlog: 안녕 따뜻한 세비야👋/ 스페인 남부여행/ 스페인 소도시/ 나혼자여행/ 스페인광장/ 세비야 대성당 알카사르 투어/ 세비야 타파스 맛집,https://www.youtube.com//watch?v=7YvQ7L0yno0&pp=ygUQ64KY7Zi87J6QIOyXrO2WiQ%3D%3D
69,MBCentertainment,[나혼자산다 선공개] 유세윤&헨리&윤도현의 자전거 여행!,https://www.youtube.com//watch?v=28SgqAtuU-w&pp=ygUQ64KY7Zi87J6QIOyXrO2WiQ%3D%3D
70,킥서비스,아직도 나혼자 산다,https://www.youtube.com//watch?v=SXeO-8oralc&pp=ygUQ64KY7Zi87J6QIOyXrO2WiQ%3D%3D
71,Daily Joy조이,"[vlog] 나 혼자 겨울 삿포로여행❄️ 나만 알고싶은 로컬맛집과 카페 | 여행꿀팁 몽땅 알려드릴게🧚🏻 (삿포로 신축 호텔, 오타루 당일치기, 스프카레, 징기스칸)",https://www.youtube.com//watch?v=Mz_P8gt5xtM&pp=ygUQ64KY7Zi87J6QIOyXrO2WiQ%3D%3D
72,인영 forever young,"나 혼자 도쿄여행🗼 너 먹고싶은 거 다 먹어라!!! 라멘맛집, 몬자야끼, 편의점 털이, 오모테산도 쇼핑, 모마디자인스토어, 지유가오카 소품샵투어 | EP.3",https://www.youtube.com//watch?v=3gWnYY7IyfU&pp=ygUQ64KY7Zi87J6QIOyXrO2WiQ%3D%3D
73,엠뚜루마뚜루 : MBC 공식 종합 채널,[#나혼자산다] ✨마더즈 여고시절 컴백✨ 그 시절 교복 입고 7080 학창시절로 돌아간 주승과 마더즈🏫 | #이주승 #군산여행 MBC230217방송,https://www.youtube.com//watch?v=m2NcCrKdAqg&pp=ygUQ64KY7Zi87J6QIOyXrO2WiQ%3D%3D
74,엠뚜루마뚜루 : MBC 공식 종합 채널,[#나혼자산다] 통 추어탕🥣 + 깡소주 드링킹🍶 하고 노래방 가는🎤 기안84의 갬성가득 나홀로 모텔 여행 | #기안84 MBC230623방송,https://www.youtube.com//watch?v=dpZjKdsvgls&pp=ygUQ64KY7Zi87J6QIOyXrO2WiQ%3D%3D
75,오분순삭,"[#나혼자산다] 게🦀만 보인단 말이야~! 🙋‍♀️: ""2인분이요~ 일행 있어요~^^"" 국주의 혼자지만 즐거운 안면도 여행 | 나혼자산다⏱오분순삭 MBC160122방송",https://www.youtube.com//watch?v=J4QiYlXfN9Y&pp=ygUQ64KY7Zi87J6QIOyXrO2WiQ%3D%3D
76,MOCA 이청아,"[SUB] 이청아의 서울 체크인 (나 혼자 북촌 여행, 런던 베이글, 뷰티 루틴, ASMR)",https://www.youtube.com//watch?v=XbnbCBI6imc&pp=ygUQ64KY7Zi87J6QIOyXrO2WiQ%3D%3D
77,엠뚜루마뚜루 : MBC 공식 종합 채널,[#나혼자산다] 리치 언니 세리의 대저택 방문하고 찐으로 감탄하는 무지개 회원들🌈😮 | #전현무 #박세리 #박나래 #기안84 #코드쿤스트 #키 MBC221209방송,https://www.youtube.com//watch?v=GYldb0nNOuQ&pp=ygUQ64KY7Zi87J6QIOyXrO2WiQ%3D%3D
78,하는사람 er,"나혼자 다낭 여행｜가성비와 예쁨이 터지는 다낭여행｜5만원대 풀억세스룸 호텔, 베트남 브루어리, 세젤예 미케비치 카페｜야시장에서 치인 썰｜치이고 밀려도 혼자 여행 잘 하는사람er",https://www.youtube.com//watch?v=L1xgj8WLR3E&pp=ygUQ64KY7Zi87J6QIOyXrO2WiQ%3D%3D
79,꾸나 Kkuna,"[VLOG] 3박 5일 나혼자 방콕 여행 브이로그 🇹🇭 EP.1 | 태국만 n번째인 태친자의 여행✨ | 아이콘시암 | 쩟페어야시장 | 람부뜨리로드 | 숙소,맛집 추천🫧(SUB)",https://www.youtube.com//watch?v=zu4IZDbsB8E&pp=ygUQ64KY7Zi87J6QIOyXrO2WiQ%3D%3D
80,수쩡민,고2 자퇴생 혼자 오사카 3박4일 여행 ep.2,https://www.youtube.com//watch?v=DheadcLsaXA&pp=ygUQ64KY7Zi87J6QIOyXrO2WiQ%3D%3D
81,이제 now,"eng)나혼자 떠난 3박4일 첫 후쿠오카 여행🇯🇵 | 오오야마 모츠나베, 효탄스시, 이치란라멘, 다자이후, 캐널시티, 니쿠이치, 키와미야함바그",https://www.youtube.com//watch?v=tf20EJhqDzE&pp=ygUQ64KY7Zi87J6QIOyXrO2WiQ%3D%3D
82,오분순삭,[#나혼자산다] 안녕하세요 제가 운전면허 딴 사람처럼 보이시나요? NEW CAR🚙와 함께 자라섬으로 출동한 화사 | 나혼자산다⏱오분순삭 MBC190719방송,https://www.youtube.com//watch?v=G7x82UdzuwM&pp=ygUQ64KY7Zi87J6QIOyXrO2WiQ%3D%3D
83,하는사람 er,"vlog｜2박 3일 포항 여행브이로그｜나혼자여행, 뚜벅이 여행｜동백꽃필무렵 촬영지, 구룡포, 호미곶, 해파랑길, 포항철길숲, 영일대 해수욕장, 포항야경｜여행 하는사람er",https://www.youtube.com//watch?v=9kn9nRX6LPM&pp=ygUQ64KY7Zi87J6QIOyXrO2WiQ%3D%3D
84,엠뚜루마뚜루 : MBC 공식 종합 채널,"[#나혼자산다] 중요한 건 꺾이지 않는 팜유,,,! 팜유 대장 무무🚩가 이끄는 제1회 팜유 해외 세미나 in 베트남 | #전현무 #박나래 #이장우 #베트남 MBC221223",https://www.youtube.com//watch?v=RYaLM6dxz8M&pp=ygUQ64KY7Zi87J6QIOyXrO2WiQ%3D%3D
85,커플리뷰,베트남 달랏 맛집 / 나혼자산다 베트남 추천 음식들 먹어본 후기 / 여행 갈 때 영상 꼭 보고 가세요! 💯 솔직한 리얼 후기,https://www.youtube.com//watch?v=iVphplG6wQo&pp=ygUQ64KY7Zi87J6QIOyXrO2WiQ%3D%3D
86,엠뚜루마뚜루 : MBC 공식 종합 채널,"[#나혼자산다] 편집하다가 배불러진 건 처음입니다만,,, 보기만 해도 든든~한 나혼산 팜유즈 먹방 모음🍽️ | #전현무 #박나래 #이장우 #팜유 MBC220930 등 방송",https://www.youtube.com//watch?v=ajQoNYrpspM&pp=ygUQ64KY7Zi87J6QIOyXrO2WiQ%3D%3D
87,하는사람 er,vlog│10일 순천여행 브이로그│나혼자 뚜벅이 순천 여행│버스 안 와서 씩씩하게 걸어 다닌 10일간의 기록을 시간 순서대로 담은 순천 여행브이로그│하는사람er,https://www.youtube.com//watch?v=Tfi6bRVQ6js&pp=ygUQ64KY7Zi87J6QIOyXrO2WiQ%3D%3D
88,진아Jina,오카야마 나혼자 여행 | 일본 소도시 여행 | Okayama trip,https://www.youtube.com//watch?v=T7kCsmcbO3I&pp=ygUQ64KY7Zi87J6QIOyXrO2WiQ%3D%3D
89,소소수정,"발리 나혼자 여행 EP.2 | 짱구 1:1 서핑, 라브리사, 비치클럽 선셋 포인트, 인생 라떼 카페, 맛집 후기",https://www.youtube.com//watch?v=l7HvoPhEv7M&pp=ygUQ64KY7Zi87J6QIOyXrO2WiQ%3D%3D
90,하는사람 er,"나혼자 다낭 여행｜반쎄오와 쌀국수에 미친자｜한시장 쇼핑, 정찰제 가게 털기｜24시간 스테이로 0.5박 호텔 해결!｜세젤예 다낭카페｜마지막까지도 혼자 여행 잘 하는사람 er",https://www.youtube.com//watch?v=8P_tFz3T0gQ&pp=ygUQ64KY7Zi87J6QIOyXrO2WiQ%3D%3D
91,엠뚜루마뚜루 : MBC 공식 종합 채널,[#나혼자산다] 44년 전통의 일본 유명 장어덮밥 집에서 엄마 제대로 보양시켜 드리는 효자 키의 보양식 투어🍚 | #키 #일본 #장어 MBC221216방송,https://www.youtube.com//watch?v=QoAwDUPp0ZE&pp=ygUQ64KY7Zi87J6QIOyXrO2WiQ%3D%3D
92,엠뚜루마뚜루 : MBC 공식 종합 채널,[나 혼자 산다] 입대하는 막내 태민을 위한 키엄마의 집들이 겸 요리 한 상✨ ㅣ#키 #태민 #샤이니 MBC210528방송,https://www.youtube.com//watch?v=ujqoiBGf2YQ&pp=ygUQ64KY7Zi87J6QIOyXrO2WiQ%3D%3D
93,yewonlog,[나 혼자 대만] 대만 이렇게 여행하지 마세요⚠️ 3박4일 대만 여행기🇹🇼,https://www.youtube.com//watch?v=wydLtWYvCLY&pp=ygUQ64KY7Zi87J6QIOyXrO2WiQ%3D%3D
94,하는사람 er,"나혼자 호이안 여행｜예쁜 거 사냥꾼의 걸어서 호이안 맛집, 카페, 소품샵 탐방｜아난타라 호이안 리조트 호캉스｜호이안 야시장가서 기빨린 썰｜혼자 호이안여행 하는사람er",https://www.youtube.com//watch?v=UU-IKB3Wv0g&pp=ygUQ64KY7Zi87J6QIOyXrO2WiQ%3D%3D
95,빅니BigNee,[Vlog] 나혼자 태국 방콕으로 여행을 떠났다. 🇹🇭 BANGKOK VLOG [1] 🇹🇭,https://www.youtube.com//watch?v=Ny_GjIIhCf4&pp=ygUQ64KY7Zi87J6QIOyXrO2WiQ%3D%3D
96,누룽지생활,"나혼자 떠나는 무계획 속초 1박2일 여행 (속초아이,금이야옥이야,88순대,속초중앙시장,속초해수욕장,만석닭강정,라또래요 아이스크림,아바이순대국,장칼국수,감자전,마시랑제빵소,베이커마레",https://www.youtube.com//watch?v=96cMO2m1uKU&pp=ygUQ64KY7Zi87J6QIOyXrO2WiQ%3D%3D
97,N번째날,루브르에서 조깅을.50대 나혼자 자유여행(+no지하철.no음식점),https://www.youtube.com//watch?v=o24R_4To_As&pp=ygUQ64KY7Zi87J6QIOyXrO2WiQ%3D%3D
98,꼬끼리 KKOKKIRI,"나 혼자 경주 여행 VLOG🌳 황리단길 휴휴당,혼술 이자카야,카페 투어,1박2일 코스,황남옼수수,온천집",https://www.youtube.com//watch?v=p3ZgaLzuYGw&pp=ygUQ64KY7Zi87J6QIOyXrO2WiQ%3D%3D
99,해외여행타조,나혼자여행. 경주편,https://www.youtube.com//watch?v=rf3gW_TxaDM&pp=ygUQ64KY7Zi87J6QIOyXrO2WiQ%3D%3D
